user_name,video_id,video_desc,video_time,video_duration,n_shares,n_likes,n_comments,n_plays,video_link
jongraz,7053079129113021742,thank you for all the nominations!! we‚Äôll do this again soon ü•∞,1642172956,57,192,25400,379,161400,https://www.tiktok.com/@jongraz/video/7053079129113021742?lang=en
jongraz,7052341674634235183,your midweek reading! have a great day everyone! üîÆü¶¥üîÆ,1642001259,50,2646,65200,1272,303600,https://www.tiktok.com/@jongraz/video/7052341674634235183?lang=en
jongraz,7052089080519118127,this‚Ä¶is actually what dreams are made of,1641942440,47,532,52800,854,345100,https://www.tiktok.com/@jongraz/video/7052089080519118127?lang=en
jongraz,7051972968347503919,plz plan/adjust your day accordingly #bones #nobones #noodletok,1641915407,58,3333,87100,2572,355800,https://www.tiktok.com/@jongraz/video/7051972968347503919?lang=en
jongraz,7051592308818447662,Reply to @szabochick ‚òπÔ∏è,1641826778,59,319,116200,8366,790400,https://www.tiktok.com/@jongraz/video/7051592308818447662?lang=en
jongraz,7051388623291338031,handsome ‚úÖ stylish ‚úÖ dry ‚úÖ,1641779352,32,3490,148700,1956,731200,https://www.tiktok.com/@jongraz/video/7051388623291338031?lang=en
jongraz,7050491114775842095,we must HEED THE BONES!! üîÆü¶¥üîÆ,1641570386,45,4236,99700,1713,459300,https://www.tiktok.com/@jongraz/video/7050491114775842095?lang=en
jongraz,7049430483209391366,let‚Äôs help some SWEET BABIES* *animals!! #animalrescue #rescuedog #nonprofit,1641323438,57,656,77100,9962,454000,https://www.tiktok.com/@jongraz/video/7049430483209391366?lang=en
jongraz,7048998918729764102,noodle is‚Ä¶is he all of us today? I think he may be #noodletok #mondaymotivation,1641222956,46,5576,144300,1919,645900,https://www.tiktok.com/@jongraz/video/7048998918729764102?lang=en
jongraz,7048271702387739910,üö®üö®üö® we needed THIS!! üîÆü¶¥üéâ #noodletok #newyearsamepug #happynewyear,1641053638,55,11700,223500,2566,919900,https://www.tiktok.com/@jongraz/video/7048271702387739910?lang=en
jongraz,7047890544210496773,your ‚ú®FINAL READING‚ú® of 2021 üîÆü¶¥üîÆ,1640964892,59,7127,139800,2552,571700,https://www.tiktok.com/@jongraz/video/7047890544210496773?lang=en
jongraz,7047174062619020549,the pug maintenance continues! #pugmaintenance #noodletok #bathtime,1640798074,54,912,90600,805,562500,https://www.tiktok.com/@jongraz/video/7047174062619020549?lang=en
jongraz,7047154942162914565,he has been‚Ä¶CLEANSED #pug #bathtime #sweetestprincethereseverbeen,1640793622,55,5250,313200,1806,1600000,https://www.tiktok.com/@jongraz/video/7047154942162914565?lang=en
jongraz,7046779675493895430,plan or adjust your day accordingly üîÆü¶¥üîÆ #noodletok #bonesday #nobones #magicmeatball,1640706249,55,3719,109700,1299,539800,https://www.tiktok.com/@jongraz/video/7046779675493895430?lang=en
jongraz,7045829553830333702,#greenscreen noodle truly is the gift that keeps on giving üéÅüéÑ #pug #christmas #toastyundercarriage,1640485032,177,1882,113500,1369,679900,https://www.tiktok.com/@jongraz/video/7045829553830333702?lang=en
jongraz,7045657418432285957,have an amazing day everyone and merry christmas to all who celebrate! üîÆü¶¥üéÑ #noodletok #christmasbones #pug,1640444953,59,14300,273400,3113,1100000,https://www.tiktok.com/@jongraz/video/7045657418432285957?lang=en
jongraz,7044925508760407302,it‚Äôs a‚Ä¶snow bones day üòâüòâüòâüòâ #noodletok #iceking #kingofwinter,1640274542,58,8642,203300,2181,900800,https://www.tiktok.com/@jongraz/video/7044925508760407302?lang=en
jongraz,7044174342799789318,the Oracle Speaks and we must Listen!! üîÆü¶¥üîÆ #noodletok #pug #rescue,1640099647,44,4132,111200,1712,560100,https://www.tiktok.com/@jongraz/video/7044174342799789318?lang=en
jongraz,7043809322018557189,your Monday reading üîÆü¶¥üîÆ #noodletok #nobones,1640014659,13,7502,258800,2724,1300000,https://www.tiktok.com/@jongraz/video/7043809322018557189?lang=en
jongraz,7043061913114119429,may this set the tone for your weekend üîÆü¶¥üîÆ also the auto captions on this one SLAYED me üòÇ #bonesday #nobones #noodletok,1639840639,49,5672,141600,2471,662200,https://www.tiktok.com/@jongraz/video/7043061913114119429?lang=en
jongraz,7042308571643514118,we are‚Ä¶all shocked!!! üîÆü¶¥üîÆ #noodletok,1639665239,56,19900,313400,6974,1200000,https://www.tiktok.com/@jongraz/video/7042308571643514118?lang=en
jongraz,7041944285268184325,"once again, the Bones tell us what to do üîÆü¶¥üîÆ #bonesday #nobones #noodletok #pug",1639580422,43,3620,66400,1815,398900,https://www.tiktok.com/@jongraz/video/7041944285268184325?lang=en
jongraz,7041221365935934725,the Bones have spoken and to the Bones we listen üîÆü¶¥üîÆ #bonesday #nobones #noodletok,1639412104,45,6028,134400,2906,771500,https://www.tiktok.com/@jongraz/video/7041221365935934725?lang=en
jongraz,7040833887395712261,your Sunday reading üîÆü¶¥üîÆ,1639321887,43,6325,143700,2479,673800,https://www.tiktok.com/@jongraz/video/7040833887395712261?lang=en
jongraz,7040108971608329478,#ad EMBRACE THOSE FRIDAY BONES! Today only use code NOODLE for $5 off your @Grubhub order of $15+! #GrubhubPartner HOPE YOU TREAT YOURSELF TODAY!,1639153104,28,893,51000,484,489000,https://www.tiktok.com/@jongraz/video/7040108971608329478?lang=en
jongraz,7040088885635894533,plan your Friday accordingly üîÆü¶¥üîÆ,1639148428,46,5350,108200,2186,612700,https://www.tiktok.com/@jongraz/video/7040088885635894533?lang=en
jongraz,7039854816281070853,"Answer @TikTok noodle vids will ALWAYS reign supreme, but I posted this in April and the response to it inspired me to keep creating and here we are!",1639093930,58,538,51500,579,442500,https://www.tiktok.com/@jongraz/video/7039854816281070853?lang=en
jongraz,7039717595007683845,!!!!!!!!!!!! üö®üîÆü¶¥üîÆüö® #noodletok #bonesday #nobones,1639061980,43,7986,155400,3192,726600,https://www.tiktok.com/@jongraz/video/7039717595007683845?lang=en
jongraz,7039331413455490350,you know what to do üîÆü¶¥üîÆ,1638972068,15,7455,197600,2348,1100000,https://www.tiktok.com/@jongraz/video/7039331413455490350?lang=en
jongraz,7038735781690641669,#greenscreen we are so grateful!! thank you everyone and @TikTok for turning my year around. how did this happen #yearontiktok,1638833384,48,114,32400,678,324000,https://www.tiktok.com/@jongraz/video/7038735781690641669?lang=en
jongraz,7038604400016837893,there is no room for doubt in today‚Äôs reading üîÆü¶¥üîÆ #noodletok #bonesday #nobones,1638802794,51,29800,400100,8427,2200000,https://www.tiktok.com/@jongraz/video/7038604400016837893?lang=en
jongraz,7037869076139543813,plan your day accordingly!! üîÆü¶¥üîÆ,1638631588,43,7174,202400,3129,1200000,https://www.tiktok.com/@jongraz/video/7037869076139543813?lang=en
jongraz,7037619234444152069,#ad thanks again for helping to make these playlists SO good! now plz indulge me: what is your top song of 2021? #SpotifyPartner #SpotifyWrapped,1638573417,57,117,25900,157,299500,https://www.tiktok.com/@jongraz/video/7037619234444152069?lang=en
jongraz,7037487216548924678,carpe diem my sweet beans! üîÆü¶¥üîÆ #noodletok #bonesday #nobones #friday #weekendvibes,1638542680,15,12400,354200,3560,1600000,https://www.tiktok.com/@jongraz/video/7037487216548924678?lang=en
jongraz,7037281583786740997,#greenscreen there‚Äôs a lot going on sort of all over this video but plz take a moment to bask in his glory #noodletok #pics,1638494802,180,3249,194500,1954,1500000,https://www.tiktok.com/@jongraz/video/7037281583786740997?lang=en
jongraz,7037119231531470086,we needed this‚Ä¶arguably now more than ever before üîÆü¶¥üîÆ #bonesday #nobones #noodletok,1638457001,48,8985,225100,2926,1500000,https://www.tiktok.com/@jongraz/video/7037119231531470086?lang=en
jongraz,7036442227425561862,take a drink every time I say ‚Äúit‚Äôs giving Tuesday‚Äù and ‚Äúuh‚Äù #animalshelter #animalrescue #nonprofit thanks in advance for your ‚ú®submissions!!‚ú®,1638299374,45,90,20400,1817,320500,https://www.tiktok.com/@jongraz/video/7036442227425561862?lang=en
jongraz,7036373611187277061,it‚Äôs giving‚Ä¶Tuesday üîÆü¶¥üîÆ #noodletok #nobones,1638283398,58,8684,173900,2971,858300,https://www.tiktok.com/@jongraz/video/7036373611187277061?lang=en
jongraz,7036002855471418629,it‚Äôs going to be a Monday and a half but we‚Äôve GOT THIS üîÆü¶¥üîÆ,1638197075,50,5036,133900,1900,655900,https://www.tiktok.com/@jongraz/video/7036002855471418629?lang=en
jongraz,7035264187450412293,"another day, another declaration",1638025090,15,12400,523700,3495,3100000,https://www.tiktok.com/@jongraz/video/7035264187450412293?lang=en
jongraz,7034943939643772166,"#ad Whether it‚Äôs a bones or no bones day, treat yourself! @Hotels.com",1637950526,53,2350,158600,1735,994300,https://www.tiktok.com/@jongraz/video/7034943939643772166?lang=en
jongraz,7034536859455819013,plan your day ACCORDINGLY! ü¶ÉüîÆü¶¥ happy thanksgiving everyone! #bonesday #nobones #thanksgiving #elasticwaistbands #noodletok,1637855746,57,9034,195100,2128,1100000,https://www.tiktok.com/@jongraz/video/7034536859455819013?lang=en
jongraz,7034241580298947845,Check out @thewildestsite for every step of pet parenthood. Link in bio. ü¶¥‚ú®,1637786995,58,370,103000,518,6300000,https://www.tiktok.com/@jongraz/video/7034241580298947845?lang=en
jongraz,7034153718278933765,the Bones have spoken and it is our job to LISTEN üîÆü¶¥üîÆ #bonesday #nobones #nobonesday #noodletok #thanksgiving #weirduncle,1637766539,58,6606,148700,1840,731800,https://www.tiktok.com/@jongraz/video/7034153718278933765?lang=en
jongraz,7033774353791601926,I needed one of these üîÆü¶¥üîÆ #bonesday #nobones #nobonesday #noodletok #cozyathome,1637678211,15,16000,512200,4537,2600000,https://www.tiktok.com/@jongraz/video/7033774353791601926?lang=en
jongraz,7033413331775950085,have a great day everyone! üîÆü¶¥üîÆ #sweaterweather #pug #bones,1637594154,57,16400,322800,4133,1700000,https://www.tiktok.com/@jongraz/video/7033413331775950085?lang=en
jongraz,7033034538523610373,plan your day accordingly üîÆü¶¥üîÆ also safe travels if you‚Äôre traveling! #bonesday #nobones #noodletok #treatyoself #thanksgiving,1637505959,48,9842,301800,3459,1600000,https://www.tiktok.com/@jongraz/video/7033034538523610373?lang=en
jongraz,7032454366653172997,#ad What songs do I need to add to the @spotify No Bones Day playlist? We will bop as one! üö´ü¶¥ #SpotifyPartner #playlistcheck #nobones,1637370879,54,338,63000,2169,4400000,https://www.tiktok.com/@jongraz/video/7032454366653172997?lang=en
jongraz,7032301423278738694,it‚Äôll be a Friday for the ages üîÆü¶¥üîÆ #bones #nobones #noodletok #friday #kindness,1637335268,51,13700,260600,4250,1700000,https://www.tiktok.com/@jongraz/video/7032301423278738694?lang=en
jongraz,7032038948968975621,FROM THE ARCHIVES: Noodle‚Äôs infamous goldfish video was posted 5 years ago TODAY! His power has only increased since. #pug #snacks #epic #noodletok,1637274156,13,13800,433500,2134,2400000,https://www.tiktok.com/@jongraz/video/7032038948968975621?lang=en
jongraz,7031918628782017798,plan your day accordingly üîÆü¶¥üîÆ #bonesday #nobones #noodletok #pug #walkies,1637246142,59,6237,150400,2686,733200,https://www.tiktok.com/@jongraz/video/7031918628782017798?lang=en
jongraz,7031680675480685830,Reply to @jimmy_halpin ‚ù§Ô∏è #bonesday #nobones,1637190739,59,1484,388800,13700,2100000,https://www.tiktok.com/@jongraz/video/7031680675480685830?lang=en
jongraz,7031306346398027013,#ad What are your favorite Bones Day songs? I want to start adding them to my @Spotify playlist! #bones #bonesday #playlistcheck #SpotifyPartner,1637103583,59,1308,111600,4890,8200000,https://www.tiktok.com/@jongraz/video/7031306346398027013?lang=en
jongraz,7031187804289912069,your Tuesday reading üîÆü¶¥üîÆ #pug #fortune #noodletok,1637075983,50,18400,374300,4690,2100000,https://www.tiktok.com/@jongraz/video/7031187804289912069?lang=en
jongraz,7030944549555981574,#greenscreen okay ADMITTEDLY a lot is happening in this video but we have holiday merch!! Click the link in our bio to snag festive Noodle stuff ‚ú®üéâ,1637019346,15,4233,60100,931,566100,https://www.tiktok.com/@jongraz/video/7030944549555981574?lang=en
jongraz,7030808551417236741,you know what to do üîÆü¶¥üîÆ #bonesday #nobones #mondaymotivation #pug #noodletok,1636987682,48,18900,405600,4824,2000000,https://www.tiktok.com/@jongraz/video/7030808551417236741?lang=en
jongraz,7029702975224417541,happy almost weekend everyone üîÆü¶¥üîÆ #bones #nobones #noodletok #kindness #broth #redtaylorsversion,1636730270,60,18800,327800,5000,2200000,https://www.tiktok.com/@jongraz/video/7029702975224417541?lang=en
jongraz,7029337289553693958,your Thursday reading üîÆü¶¥üîÆ #bones #nobones #noodletok #kindness #fortune,1636645127,50,30600,726200,8414,3200000,https://www.tiktok.com/@jongraz/video/7029337289553693958?lang=en
jongraz,7028950441270611205,happy Wednesday! let‚Äôs help some PETS!! üòÅ#adoptdontshop #seniorpets #rescuedog #rescue,1636555057,58,2242,108100,10700,813000,https://www.tiktok.com/@jongraz/video/7028950441270611205?lang=en
jongraz,7028597285869128966,you know what to do üîÆü¶¥üîÆ #bonesday #nobones #noodletok #treatyoself,1636472831,58,23600,508000,19400,2100000,https://www.tiktok.com/@jongraz/video/7028597285869128966?lang=en
jongraz,7028212495621934342,make it a good one you guys! #bones #nobones #noodletok #positivity #anxiety #nopeeingontrash,1636383241,57,14000,375200,4688,2200000,https://www.tiktok.com/@jongraz/video/7028212495621934342?lang=en
jongraz,7027854235492551941,#ad üö®dream come true momentüö® Noodle and I are going to be on @QVC + @HSN TODAY at 12pm EST! Hope you can tune in! #HSN #QVC #sponsored,1636299826,59,374,65600,669,862800,https://www.tiktok.com/@jongraz/video/7027854235492551941?lang=en
jongraz,7027831943009930502,your Sunday reading üîÆü¶¥üîÆ #bones #nobones #weekendvibes #sundayfunday #noodletok,1636294636,59,34000,862000,9533,3600000,https://www.tiktok.com/@jongraz/video/7027831943009930502?lang=en
jongraz,7027598550498397446,"#greenscreen I know what the words mean individually, but WHAT do they mean in a sentence like this?? #girlboss #millennial #cancelled #noodletok",1636240295,59,42400,2600000,31700,11400000,https://www.tiktok.com/@jongraz/video/7027598550498397446?lang=en
jongraz,7027092093080325382,happy Friday everyone! just some quick lil updates here ‚ú®,1636122377,170,6690,216000,5107,1800000,https://www.tiktok.com/@jongraz/video/7027092093080325382?lang=en
jongraz,7026722598096538886,an epic reading this morning with @underthedesknews!! plan your day accordingly üîÆü¶¥üîÆ #bonesday #nobones #noodletok,1636036346,50,42400,1100000,15000,5200000,https://www.tiktok.com/@jongraz/video/7026722598096538886?lang=en
jongraz,7026343071839276294,it‚Äôs gonna be a DAY üîÆü¶¥üîÆ #nobones #bones #pug #noodletok #treatyoself,1635947981,57,59200,829300,14700,3600000,https://www.tiktok.com/@jongraz/video/7026343071839276294?lang=en
jongraz,7025988024450223366,it‚Äôs comfy pug O‚ÄôCLOCK! have a great day everyone! don‚Äôt move if you can help it! #pug #comfy #vibes #nobones #noodletok,1635865315,20,29800,719300,6456,3700000,https://www.tiktok.com/@jongraz/video/7025988024450223366?lang=en
jongraz,7024113803679763717,Reply to @jongraz BONES WEEKEND INC üéÉü¶¥üéÉ,1635428939,14,6411,276600,1950,3100000,https://www.tiktok.com/@jongraz/video/7024113803679763717?lang=en
jongraz,7024110833995205893,your pre-Halloween reading üîÆüéÉü¶¥ #nobones #bonesday #pug #noodletok #halloween,1635428248,42,99900,1500000,18200,6800000,https://www.tiktok.com/@jongraz/video/7024110833995205893?lang=en
jongraz,7023503355821460742,#duet with @auditydraws how amazing are these?? so amazing they‚Äôre now #MERCH! click the link in my bio to SNAG! #PUG! Thank you Audrey! I love them üò≠,1635286808,59,2855,583800,1219,4200000,https://www.tiktok.com/@jongraz/video/7023503355821460742?lang=en
jongraz,7023371588124921093,you know what to do üîÆü¶¥üîÆ #nobones #bonesday #pug #noodletok #fortune,1635256129,39,103300,1300000,20200,7000000,https://www.tiktok.com/@jongraz/video/7023371588124921093?lang=en
jongraz,7023004798215539973,happy Monday from Grandma‚Äôs house! ü¶¥üîÆü¶¥ #bonesday #nobones #mondaymotivation #pug #noodletok,1635170729,47,126200,2200000,29900,9800000,https://www.tiktok.com/@jongraz/video/7023004798215539973?lang=en
jongraz,7022667507362221318,he‚Äôs stocked and ready for a week of readings! thank you all so much! üîÆü¶¥ #nobones #bonesday #shopping #petstore #noodletok,1635092197,171,2033,245500,4130,2800000,https://www.tiktok.com/@jongraz/video/7022667507362221318?lang=en
jongraz,7022251358833118469,plan accordingly üîÆü¶¥üîÆ #nobones #bonesday #pug #adoptdontshop #noodletok,1634995307,40,160700,2400000,38000,10200000,https://www.tiktok.com/@jongraz/video/7022251358833118469?lang=en
jongraz,7022037757883174149,"#greenscreen and this, everyone, is why we do it #nobones #bonesday #noodletok #midterms #school @yvonnewithani",1634945572,15,15300,1100000,2665,6100000,https://www.tiktok.com/@jongraz/video/7022037757883174149?lang=en
jongraz,7021895192559111430,the bones have spoken‚Ä¶loudly this morning #nobones #bonesday #noodletok #pug #friday,1634912379,59,73000,1300000,21700,6400000,https://www.tiktok.com/@jongraz/video/7021895192559111430?lang=en
jongraz,7021694578940022021,#duet with @fabulousjustina nothing gets me going quite like a synchronistic snap #nobones #bonesday #pug #noodletok #duet,1634865669,41,28000,1200000,3602,6100000,https://www.tiktok.com/@jongraz/video/7021694578940022021?lang=en
jongraz,7021511892824820997,plan your day accordingly üîÆü¶¥üîÆ #nobones #bonesday #noodletok #pug,1634823134,51,192800,2100000,34400,9500000,https://www.tiktok.com/@jongraz/video/7021511892824820997?lang=en
jongraz,7021287983613529350,#duet with @urmomslinguini these videos keep getting better! hope this was all of you on this fine bones day ü¶¥ #bonesday #nobones #duet #noodletok,1634771002,13,4636,1600000,2072,7900000,https://www.tiktok.com/@jongraz/video/7021287983613529350?lang=en
jongraz,7021172359386172678,I know this is coming later than usual - you can ask @TODAY Show about that ü§ØüîÆü¶¥ #nobones #bonesday #pug #noodletok,1634744081,45,38300,967400,9749,4800000,https://www.tiktok.com/@jongraz/video/7021172359386172678?lang=en
jongraz,7020772470017887494,#duet with @notthemaincharacters can‚Äôt put into words how incredible it‚Äôs been to watch this whole thing turn into what it has. we‚Äôre blown away. ‚ù§Ô∏è,1634650975,20,55800,2000000,12700,13900000,https://www.tiktok.com/@jongraz/video/7020772470017887494?lang=en
jongraz,7020468156837760261,#duet with @skeeter.mcgavin_ Noodle‚Äôs birthday is July 4th so this actually makes perfect and rational sense. Also WHAT IS HAPPENING #nobones,1634580121,44,20000,862700,3977,6100000,https://www.tiktok.com/@jongraz/video/7020468156837760261?lang=en
jongraz,7020411242749758725,hope you all have the best Monday! üîÆü¶¥ #nobones #bonesday #pug #noodletok #monday,1634566870,47,209000,2800000,41600,13700000,https://www.tiktok.com/@jongraz/video/7020411242749758725?lang=en
jongraz,7020093600239209734,Reply to @hanaranaranahan noodle is the king of my household and this is the crown jewel #nobones #bonesday #pug #merch #noodletok,1634492912,58,2937,425000,2499,3700000,https://www.tiktok.com/@jongraz/video/7020093600239209734?lang=en
jongraz,7020027193216503046,I think we all saw this one coming ü¶¥üîÆ #nobones #bones #pug #noodletok,1634477451,34,106900,1600000,18000,8800000,https://www.tiktok.com/@jongraz/video/7020027193216503046?lang=en
jongraz,7019702064829697285,happy Saturday everyone ü¶¥‚ú® #nobonesday #bonesday #pug #noodletok,1634401751,151,24000,644200,11500,4400000,https://www.tiktok.com/@jongraz/video/7019702064829697285?lang=en
jongraz,7019298458678856965,happy Friday everyone üîÆü¶¥‚ú® #pug #bones #nobones #weekend #horoscope #noodletok,1634307779,39,119000,1800000,26200,9900000,https://www.tiktok.com/@jongraz/video/7019298458678856965?lang=en
jongraz,7019051660123049221,Reply to @jcase1991 visors? small pins? large pins? velour swear suits? what sayings should we use? I‚Äôm all ears (eyes tbh) #pug #nobones #merch,1634250317,59,468,78200,11600,1800000,https://www.tiktok.com/@jongraz/video/7019051660123049221?lang=en
jongraz,7018925390118784262,thank you all so much ü•∫‚ù§Ô∏èüò≠ I love this sweet king and I love sharing him with you! #pug #nobones #adoptdontshop #geriatricking,1634220917,58,4066,428600,4984,3400000,https://www.tiktok.com/@jongraz/video/7018925390118784262?lang=en
jongraz,7018544878183320837,your midweek reading üîÆü¶¥ #pug #adoptdontshop #horoscope #fortuneteller #nobones #noodletok,1634132323,37,74900,777400,11200,4600000,https://www.tiktok.com/@jongraz/video/7018544878183320837?lang=en
jongraz,7018183938590002437,#duet with @_jen_hamilton_  I love sharing this sweet old man with you all! The response has been amazing. We are all at the Mercy of the Bones. ‚ù§Ô∏èü¶¥,1634048285,48,9756,831700,1630,5400000,https://www.tiktok.com/@jongraz/video/7018183938590002437?lang=en
jongraz,7017803606308965637,"yet again, the Bones have SPOKEN #monday #nobones #pug #horoscope #treatyoself",1633959732,31,36800,1100000,7672,5700000,https://www.tiktok.com/@jongraz/video/7017803606308965637?lang=en
jongraz,7017075369505213702,arguably his clearest message yet #pug #nobones #humor #divination #noodletok,1633790176,50,21800,611700,3739,3000000,https://www.tiktok.com/@jongraz/video/7017075369505213702?lang=en
jongraz,7016326380820401414,we‚Ä¶are not worthy #pug #adoptdontshop #nobones #noodletok,1633615788,28,44200,1500000,9313,6900000,https://www.tiktok.com/@jongraz/video/7016326380820401414?lang=en
jongraz,7016022514816011526,"today, we celebrate The King and all of his‚Ä¶everything #nationalnoodleday #pug #noodle #noodletok #olddog",1633545039,16,2624,298600,741,2700000,https://www.tiktok.com/@jongraz/video/7016022514816011526?lang=en
jongraz,7015951383627140357,Reply to @crocgang1006 #greenscreen here you are in all his glory! #pug #adoptdontshop #noodletok #rain #fyp„Ç∑,1633528478,18,1751,178000,928,1300000,https://www.tiktok.com/@jongraz/video/7015951383627140357?lang=en
jongraz,7015223171011857670,the Bones have spoken!! #pug #adoptdontshop #nobones #noodletok #mondaymotivation,1633358927,40,129000,3800000,13400,16500000,https://www.tiktok.com/@jongraz/video/7015223171011857670?lang=en
jongraz,7013363016121044229,he humbles us with his constancy #pug #adoptdontshop #nobones #foryoupage #fortune,1632925827,31,34500,817600,2953,4300000,https://www.tiktok.com/@jongraz/video/7013363016121044229?lang=en
jongraz,7013197583707409669,spoiler: he doesn‚Äôt do much walking #pug,1632887310,12,2426,211100,744,1300000,https://www.tiktok.com/@jongraz/video/7013197583707409669?lang=en
jongraz,7012606161962683654,"you had your fun, summer. now it‚Äôs OUR TURN. #fall #autumn #woolsocks #socks #foryoupage",1632749608,34,668,51600,325,609100,https://www.tiktok.com/@jongraz/video/7012606161962683654?lang=en
jongraz,7010754857476885766,it‚Äôs that time again #pug #dog #adoptdontshop #humor #nobones #noodletok,1632318567,26,26800,698200,2970,3800000,https://www.tiktok.com/@jongraz/video/7010754857476885766?lang=en
jongraz,7010156266857303301,I am his personal palanquin #pug #olddog #nyc #newyork #apartment #foryou,1632179200,15,918,63200,518,580700,https://www.tiktok.com/@jongraz/video/7010156266857303301?lang=en
jongraz,7010045144456121605,nobody has to know #humor #foryou #masks #crest3dwhitestrips,1632153324,6,93,22200,73,473100,https://www.tiktok.com/@jongraz/video/7010045144456121605?lang=en
jongraz,7008748587186162949,just stop at 25 just stop there #aging #30 #millennial #back #humor #foryou,1631851447,33,282,11500,175,296600,https://www.tiktok.com/@jongraz/video/7008748587186162949?lang=en
jongraz,7007786296059940101,no one saw it coming!! #pug #dog #noodletok #bones #humor #foryou #goodluck,1631627395,33,7701,171300,930,972900,https://www.tiktok.com/@jongraz/video/7007786296059940101?lang=en
jongraz,7005929953787235590,"no bones, no sense of decency, no problem #pug #pugs #seniordog #decency #undercarriage #bodypositivity #noodletok",1631195182,15,3862,62000,370,578700,https://www.tiktok.com/@jongraz/video/7005929953787235590?lang=en
jongraz,7005558744796990726,one day he‚Äôll tell me his goals. one day. #pug #olddog #carpediem #ambition #foryou,1631108753,15,954,29200,95,390900,https://www.tiktok.com/@jongraz/video/7005558744796990726?lang=en
jongraz,7005187143127584006,he brightens my day every day and hopefully he can brighten yours too üòä #pug #share #dog #enya #positivity #noodletok,1631022233,11,7634,56200,362,580400,https://www.tiktok.com/@jongraz/video/7005187143127584006?lang=en
jongraz,7004453353946189062,one day we‚Äôre gonna have a full skeleton I swear #pug #olddog #humor #morning #foryou #dog #noodletok #bones,1630851384,35,1936,78400,289,477500,https://www.tiktok.com/@jongraz/video/7004453353946189062?lang=en
jongraz,7004168429892586757,#stitch with @im_thaliaaa #gym #humor #fitness #mcdonalds #foryou,1630785045,15,442,32600,97,504600,https://www.tiktok.com/@jongraz/video/7004168429892586757?lang=en
jongraz,7003692641074400518,I worry about dryness!! #pug #dog #pet #humor #maintenance #dryness,1630674267,15,6305,200600,657,1100000,https://www.tiktok.com/@jongraz/video/7003692641074400518?lang=en
jongraz,7002719846727306502,I love him I‚Äôve worked with him for a while and he‚Äôs ‚ú® totally right ‚ú® #therapy #humor  #mentalhealth #wellness #foryoupage,1630447770,10,4297,112500,401,1000000,https://www.tiktok.com/@jongraz/video/7002719846727306502?lang=en
jongraz,7002231053444336902,so SWEET üò≠ #pug #pugsoftiktok #humor #cute #dog #noodletok,1630333964,54,675,40700,214,372400,https://www.tiktok.com/@jongraz/video/7002231053444336902?lang=en
jongraz,6999998598305942790,he‚Äôs coming on the trip. he always comes on the trip! #pug #pugsoftiktok #noodletok #sirpleasecomedown #foryou #humor #seniordog,1629814181,16,15700,415500,1366,2000000,https://www.tiktok.com/@jongraz/video/6999998598305942790?lang=en
jongraz,6998871742793993478,they‚Äôre nowhere to be found! #pug #seniordog #dogs #humor #morning #nobones,1629551814,25,7959,171500,534,900300,https://www.tiktok.com/@jongraz/video/6998871742793993478?lang=en
jongraz,6998679818179153158,like I can still go to a club but I‚Äôm leaving by 11 #30 #aging #millennial #foryou #humor,1629507128,17,238,9016,76,268300,https://www.tiktok.com/@jongraz/video/6998679818179153158?lang=en
jongraz,6998589840988065030,hoping to see her again ‚ù§Ô∏è #storytime #nyc #newyork #foryou #gay #friday #weekend,1629486178,58,140,9422,95,228000,https://www.tiktok.com/@jongraz/video/6998589840988065030?lang=en
jongraz,6996709520877686022,happiness hit her like a train on a track!! #humor #foryou #outdoors #camping #gay,1629048382,28,18000,140700,2538,1100000,https://www.tiktok.com/@jongraz/video/6996709520877686022?lang=en
jongraz,6995925135182056709,he had them just last night!! #pug #seniordog  #boneless #humor #foryou,1628865753,22,34600,436100,1445,2300000,https://www.tiktok.com/@jongraz/video/6995925135182056709?lang=en
jongraz,6995569778865753350,I‚Äôm never moving #newyork #nyc #storytime #foryou #gay #guzzlingapplesauce,1628783015,40,1038,47200,370,517800,https://www.tiktok.com/@jongraz/video/6995569778865753350?lang=en
jongraz,6995007370606808326,30 is a crossroads!! #millennial #30 #aging #gay #onefootinthegrave #foryou,1628652070,23,10900,153100,1421,1100000,https://www.tiktok.com/@jongraz/video/6995007370606808326?lang=en
jongraz,6994055306540092678,Why is he this WAY?? #pug #pugsoftiktok #dog #SHEINcares,1628430400,16,390,17100,90,278700,https://www.tiktok.com/@jongraz/video/6994055306540092678?lang=en
jongraz,6979013204206816518,this is how noodle goes on a walk. it doesn‚Äôt involve walking #pug #olddog #pugsoftiktok,1624928141,13,756,12000,103,171600,https://www.tiktok.com/@jongraz/video/6979013204206816518?lang=en
jongraz,6972599767964667141,we don‚Äôt know why!! we just don‚Äôt know #pugs #dog #dogsotiktok #angryoldman,1623434895,37,709,12300,179,182800,https://www.tiktok.com/@jongraz/video/6972599767964667141?lang=en
jongraz,6971446796165876998,"he‚Äôs 50% Georgie from It, 50% Clint Eastwood from Gran Torino. #pug #pugs #nosoggypugs #dogsoftiktok",1623166456,15,147,8037,131,150100,https://www.tiktok.com/@jongraz/video/6971446796165876998?lang=en
jongraz,6969973692264762629,"I, too, do not have goals. #pug #pugs #dog #humor #goaloriented",1622823465,15,3603,50000,221,362600,https://www.tiktok.com/@jongraz/video/6969973692264762629?lang=en
jongraz,6964114845062941957,"Do not take this advice, but if you do, LOCK IT AND LOSE IT (do not take this advice) #foryou #finance #money #humor",1621459345,56,47,3165,48,112200,https://www.tiktok.com/@jongraz/video/6964114845062941957?lang=en
jongraz,6955972760292117765,crinkle tongue strikes AGAIN #pug #pugs #foryou #humor #seniordog,1619563627,15,5812,147200,857,539300,https://www.tiktok.com/@jongraz/video/6955972760292117765?lang=en
jongraz,6954546669711068422,she transitions from day to night so seamlessly! #foryou #waterfeature #relaxing #majesty #Destinationdepop,1619231582,15,17,1957,45,102600,https://www.tiktok.com/@jongraz/video/6954546669711068422?lang=en
jongraz,6954354513524378886,take this moment to check in with yourself. let Noodle‚Äôs motorboat snores help you find your center ‚ú® #foryou #pug #pugsoftiktok #seniordog #cleanse,1619186842,15,184,6667,71,130800,https://www.tiktok.com/@jongraz/video/6954354513524378886?lang=en
jongraz,6952626938301205765,Reply to @delightfulspacepeach unforseen hurdles! what I should replace the stones with?? #foryou #humor #waterfeature  #storytime #crystals,1618784609,58,98,4730,148,106400,https://www.tiktok.com/@jongraz/video/6952626938301205765?lang=en
jongraz,6952145560468000005,Reply to @nepatsfan83 it‚Äôs fully transformed!! #foryou #humor #waterfeature #crystals #storytime,1618672529,59,237,7594,289,121900,https://www.tiktok.com/@jongraz/video/6952145560468000005?lang=en
jongraz,6951886714927353093,chances are I‚Äôll do it again #fyp #foryou #humor #tour #waterfeature #interiordesign,1618612262,58,4270,52300,1307,473000,https://www.tiktok.com/@jongraz/video/6951886714927353093?lang=en
jongraz,6951210275534146821,I have no one to impress OKAY? #foryou #humor #gay #beard #strangerdanger,1618454768,13,101,6609,172,141600,https://www.tiktok.com/@jongraz/video/6951210275534146821?lang=en
jongraz,6948548353332399366,just look at those TOOTSIES #pug #pugprince #dog #humor #fyp,1617834989,15,274,11100,111,141900,https://www.tiktok.com/@jongraz/video/6948548353332399366?lang=en
jongraz,6945445706480110853,#duet with @esenachoman and they published it! #twilight #humor #fyp #teamedward,1617112599,8,131,3500,20,94900,https://www.tiktok.com/@jongraz/video/6945445706480110853?lang=en
jongraz,6945044815260372229,#stitch with @lowcarblove #fyp #humor #cooking,1617019260,11,33,2598,27,82300,https://www.tiktok.com/@jongraz/video/6945044815260372229?lang=en
jongraz,6944880586951527686,we...may never understand why #pug #dog #humor #fyp #whytho,1616981021,14,320,6447,63,103700,https://www.tiktok.com/@jongraz/video/6944880586951527686?lang=en
jongraz,6941867088109751558,it‚Äôs his world and we‚Äôre just a part of it #pug #dog #humor #comfymountain #king,1616279386,51,632,11100,193,128100,https://www.tiktok.com/@jongraz/video/6941867088109751558?lang=en
jongraz,6941557482984688901,youtube and cry > netflix and chill #fyp #weekend #fridaynight #humor #youtube,1616207301,42,171,3872,95,76700,https://www.tiktok.com/@jongraz/video/6941557482984688901?lang=en
jongraz,6939747442187357446,#stitch with @sherdownbad  #fyp #gay #lgbt #humor #weddingtiktok,1615785874,20,119,4285,26,80100,https://www.tiktok.com/@jongraz/video/6939747442187357446?lang=en
jongraz,6938547829673626885,Do your dogs do this too?? #pug #dog #humor #dogsoftiktok,1615506561,41,12900,180000,1766,763900,https://www.tiktok.com/@jongraz/video/6938547829673626885?lang=en
jongraz,6936601978013256965,my farming DREAMS are coming TRUE ‚ú® #stardewvalley #gaymer #fyp #humor #boardgames,1615053506,31,82,1791,36,65000,https://www.tiktok.com/@jongraz/video/6936601978013256965?lang=en
jongraz,6936176516359392518,is it just like a thing they do or do I call a priest? #fyp #foryou #nyc #planttiktok,1614954447,12,17,1276,74,60100,https://www.tiktok.com/@jongraz/video/6936176516359392518?lang=en
jongraz,6935589471383604486,I‚Äôm built like a house that was constructed in 1840 #30 #humor #fyp #foryou #millennial,1614817776,14,87,2193,46,59400,https://www.tiktok.com/@jongraz/video/6935589471383604486?lang=en
jongraz,6934687131860258054,‚ÄúAnd I bet he‚Äôs thinking about it right now!‚Äù #humor #anxiety #mentalhealth #fyp #foryou,1614607686,49,156,3420,56,59100,https://www.tiktok.com/@jongraz/video/6934687131860258054?lang=en
jongraz,6933747778317323525,coffee booze citrus cheese everything #fyp #foryou #humor #30 #fml,1614388974,14,900,10900,464,154200,https://www.tiktok.com/@jongraz/video/6933747778317323525?lang=en
jongraz,6932603601407823109,#stitch with @jammin_wben it‚Äôs this #snl #fyp #casablanca,1614122573,50,215,8882,57,90800,https://www.tiktok.com/@jongraz/video/6932603601407823109?lang=en
jongraz,6932464976972041478,the blood on my hands just won‚Äôt wash off #plants #planttiktok #succulents #humor #lgbt,1614090300,21,288,6657,84,94300,https://www.tiktok.com/@jongraz/video/6932464976972041478?lang=en
jongraz,6932127716175056134,He doesn‚Äôt ü•∞ #pug #dog #funny #fml #seniordog,1614011770,15,65,3445,38,73800,https://www.tiktok.com/@jongraz/video/6932127716175056134?lang=en
jongraz,6931759421391490310,Never locked out for too long ‚ù§Ô∏è #humor #anxiety #mentalhealth #sleep #fyp #foryou,1613926019,29,409,4126,76,65600,https://www.tiktok.com/@jongraz/video/6931759421391490310?lang=en
jongraz,6931410458817645830,Thank God everyone acted so quickly üôè #humor #skit #fyp #gay #pov,1613844765,53,62,2237,29,57200,https://www.tiktok.com/@jongraz/video/6931410458817645830?lang=en
jongraz,6929635501330681094,And taxes! And your bones start cracking. #fyp #humor #30 #age,1613431507,8,7038,50500,656,647700,https://www.tiktok.com/@jongraz/video/6929635501330681094?lang=en
jongraz,6929576704549620998,Papa...feed me papa... #pug #dog #fyp #snacks #cute,1613417814,15,291,4259,41,76700,https://www.tiktok.com/@jongraz/video/6929576704549620998?lang=en
jongraz,6928579078727535877,In the before time too but a lot lately #humor #fyp #olympics #weekendvibes,1613185544,9,3956,52000,619,510400,https://www.tiktok.com/@jongraz/video/6928579078727535877?lang=en
jongraz,6928150471354027270,#stitch with @jennasamuelson just like...*gestures vaguely* #anxiety #humor #fyp,1613085746,5,5730,85800,1392,662300,https://www.tiktok.com/@jongraz/video/6928150471354027270?lang=en
jongraz,6927350116151987462,Just dropping by to ruin your day ‚ù§Ô∏è #anxiety #humor #fyp #gay,1612899397,43,1829,15100,195,116400,https://www.tiktok.com/@jongraz/video/6927350116151987462?lang=en
jongraz,6925406987496787206,A constant companion #skit #humor #anxiety,1612446983,47,9332,88400,600,571400,https://www.tiktok.com/@jongraz/video/6925406987496787206?lang=en
jongraz,6923304164130819334,it‚Äôs 9 degrees outside and he dares to look this handsome! please compliment my pug on his dashing sweater #pug #dog #cozy #fyp,1611957375,15,185,6812,368,91200,https://www.tiktok.com/@jongraz/video/6923304164130819334?lang=en
jongraz,6900591265495207174,hey all! I know it‚Äôs been a while but please know nothings changed over here. #nobones #noboneschallenge #pugs #dog #humor #fyp,1606669157,55,294,5130,81,91000,https://www.tiktok.com/@jongraz/video/6900591265495207174?lang=en
jongraz,6871649237260668165,He hates the classics #pug #dog #humor #fyp #prideandprejudice,1599930530,27,2400,28300,183,184200,https://www.tiktok.com/@jongraz/video/6871649237260668165?lang=en
jongraz,6870545437628173573,He excels at being dense #pug #dog #humor #sleepy,1599673532,34,7578,76300,788,425500,https://www.tiktok.com/@jongraz/video/6870545437628173573?lang=en
